2026/10/09 00:14:08.552, 0 MiB, 23040 MiB, 0 %
2026/10/09 00:14:09.553, 0 MiB, 23040 MiB, 0 %
2026/10/09 00:14:10.554, 0 MiB, 23040 MiB, 0 %
2026/10/09 00:14:11.554, 0 MiB, 23040 MiB, 0 %
2026/10/09 00:14:12.555, 0 MiB, 23040 MiB, 0 %
2026/10/09 00:14:13.556, 0 MiB, 23040 MiB, 0 %
2026/10/09 00:14:14.557, 167 MiB, 23040 MiB, 0 %
2026/10/09 00:14:15.558, 167 MiB, 23040 MiB, 0 %
2026/10/09 00:14:16.559, 167 MiB, 23040 MiB, 0 %
2026/10/09 00:14:17.559, 167 MiB, 23040 MiB, 0 %
2026/10/09 00:14:18.560, 167 MiB, 23040 MiB, 0 %
2026/10/09 00:14:19.561, 167 MiB, 23040 MiB, 0 %
2026/10/09 00:14:20.561, 167 MiB, 23040 MiB, 0 %
2026/10/09 00:14:21.562, 167 MiB, 23040 MiB, 0 %
2026/10/09 00:14:22.562, 167 MiB, 23040 MiB, 0 %
2026/10/09 00:14:23.563, 167 MiB, 23040 MiB, 0 %
2026/10/09 00:14:24.563, 167 MiB, 23040 MiB, 0 %
2026/10/09 00:14:25.564, 167 MiB, 23040 MiB, 0 %
2026/10/09 00:14:26.565, 167 MiB, 23040 MiB, 0 %
2026/10/09 00:14:27.566, 167 MiB, 23040 MiB, 0 %
2026/10/09 00:14:28.566, 167 MiB, 23040 MiB, 0 %
2026/10/09 00:14:29.567, 167 MiB, 23040 MiB, 0 %
2026/10/09 00:14:30.568, 167 MiB, 23040 MiB, 0 %
2026/10/09 00:14:31.568, 167 MiB, 23040 MiB, 0 %
2026/10/09 00:14:32.569, 167 MiB, 23040 MiB, 0 %
2026/10/09 00:14:33.569, 167 MiB, 23040 MiB, 0 %
2026/10/09 00:14:34.571, 167 MiB, 23040 MiB, 0 %
2026/10/09 00:14:35.571, 167 MiB, 23040 MiB, 0 %
2026/10/09 00:14:36.572, 167 MiB, 23040 MiB, 0 %
2026/10/09 00:14:37.573, 167 MiB, 23040 MiB, 0 %
2026/10/09 00:14:38.574, 167 MiB, 23040 MiB, 0 %
2026/10/09 00:14:39.574, 167 MiB, 23040 MiB, 0 %
2026/10/09 00:14:40.575, 171 MiB, 23040 MiB, 0 %
2026/10/09 00:14:41.576, 821 MiB, 23040 MiB, 2 %
2026/10/09 00:14:42.577, 1845 MiB, 23040 MiB, 5 %
2026/10/09 00:14:43.578, 1845 MiB, 23040 MiB, 5 %
2026/10/09 00:14:44.578, 2869 MiB, 23040 MiB, 4 %
2026/10/09 00:14:45.579, 2869 MiB, 23040 MiB, 5 %
2026/10/09 00:14:46.580, 3893 MiB, 23040 MiB, 5 %
2026/10/09 00:14:47.581, 4917 MiB, 23040 MiB, 5 %
2026/10/09 00:14:48.581, 4917 MiB, 23040 MiB, 5 %
2026/10/09 00:14:49.582, 5941 MiB, 23040 MiB, 5 %
2026/10/09 00:14:50.583, 5941 MiB, 23040 MiB, 5 %
2026/10/09 00:14:51.584, 6965 MiB, 23040 MiB, 5 %
2026/10/09 00:14:52.585, 6965 MiB, 23040 MiB, 5 %
2026/10/09 00:14:53.585, 6965 MiB, 23040 MiB, 0 %
2026/10/09 00:14:54.586, 7989 MiB, 23040 MiB, 0 %
2026/10/09 00:14:55.587, 7989 MiB, 23040 MiB, 0 %
2026/10/09 00:14:56.588, 9013 MiB, 23040 MiB, 0 %
2026/10/09 00:14:57.589, 9013 MiB, 23040 MiB, 13 %
2026/10/09 00:14:58.589, 9013 MiB, 23040 MiB, 7 %
2026/10/09 00:14:59.590, 10037 MiB, 23040 MiB, 0 %
2026/10/09 00:15:00.591, 10037 MiB, 23040 MiB, 0 %
2026/10/09 00:15:01.592, 11061 MiB, 23040 MiB, 13 %
2026/10/09 00:15:02.592, 11061 MiB, 23040 MiB, 0 %
2026/10/09 00:15:03.593, 11061 MiB, 23040 MiB, 0 %
2026/10/09 00:15:04.594, 12085 MiB, 23040 MiB, 0 %
2026/10/09 00:15:05.595, 12085 MiB, 23040 MiB, 13 %
2026/10/09 00:15:06.595, 13109 MiB, 23040 MiB, 0 %
2026/10/09 00:15:07.596, 13109 MiB, 23040 MiB, 0 %
2026/10/09 00:15:08.597, 14133 MiB, 23040 MiB, 11 %
2026/10/09 00:15:09.598, 14133 MiB, 23040 MiB, 2 %
2026/10/09 00:15:10.599, 14133 MiB, 23040 MiB, 0 %
2026/10/09 00:15:11.600, 15157 MiB, 23040 MiB, 0 %
2026/10/09 00:15:12.600, 15157 MiB, 23040 MiB, 15 %
2026/10/09 00:15:13.601, 16181 MiB, 23040 MiB, 0 %
2026/10/09 00:15:14.602, 16181 MiB, 23040 MiB, 0 %
2026/10/09 00:15:15.603, 17205 MiB, 23040 MiB, 7 %
2026/10/09 00:15:16.604, 17205 MiB, 23040 MiB, 7 %
2026/10/09 00:15:17.605, 17205 MiB, 23040 MiB, 0 %
2026/10/09 00:15:18.606, 18229 MiB, 23040 MiB, 0 %
2026/10/09 00:15:19.606, 19253 MiB, 23040 MiB, 15 %
2026/10/09 00:15:20.607, 19253 MiB, 23040 MiB, 0 %
2026/10/09 00:15:21.608, 22673 MiB, 23040 MiB, 84 %
2026/10/09 00:15:22.609, 22673 MiB, 23040 MiB, 0 %
2026/10/09 00:15:23.609, 0 MiB, 23040 MiB, 100 %
2026/10/09 00:15:24.610, 0 MiB, 23040 MiB, 0 %
2026/10/09 00:15:25.611, 0 MiB, 23040 MiB, 0 %
2026/10/09 00:15:26.612, 0 MiB, 23040 MiB, 0 %
2026/10/09 00:15:27.612, 0 MiB, 23040 MiB, 0 %
2026/10/09 00:15:28.613, 167 MiB, 23040 MiB, 2 %
2026/10/09 00:15:29.614, 167 MiB, 23040 MiB, 0 %
2026/10/09 00:15:30.615, 167 MiB, 23040 MiB, 0 %
2026/10/09 00:15:31.615, 167 MiB, 23040 MiB, 0 %
2026/10/09 00:15:32.616, 167 MiB, 23040 MiB, 0 %
2026/10/09 00:15:33.616, 167 MiB, 23040 MiB, 0 %
2026/10/09 00:15:34.617, 167 MiB, 23040 MiB, 0 %
2026/10/09 00:15:35.618, 167 MiB, 23040 MiB, 0 %
2026/10/09 00:15:36.619, 167 MiB, 23040 MiB, 0 %
2026/10/09 00:15:37.619, 167 MiB, 23040 MiB, 0 %
2026/10/09 00:15:38.620, 167 MiB, 23040 MiB, 0 %
2026/10/09 00:15:39.620, 167 MiB, 23040 MiB, 0 %
2026/10/09 00:15:40.621, 167 MiB, 23040 MiB, 0 %
2026/10/09 00:15:41.622, 167 MiB, 23040 MiB, 0 %
2026/10/09 00:15:42.622, 167 MiB, 23040 MiB, 0 %
2026/10/09 00:15:43.623, 167 MiB, 23040 MiB, 0 %
2026/10/09 00:15:44.623, 167 MiB, 23040 MiB, 0 %
2026/10/09 00:15:45.624, 167 MiB, 23040 MiB, 0 %
2026/10/09 00:15:46.624, 167 MiB, 23040 MiB, 0 %
2026/10/09 00:15:47.625, 167 MiB, 23040 MiB, 0 %
2026/10/09 00:15:48.626, 167 MiB, 23040 MiB, 0 %
2026/10/09 00:15:49.626, 167 MiB, 23040 MiB, 0 %
2026/10/09 00:15:50.627, 167 MiB, 23040 MiB, 0 %
2026/10/09 00:15:51.628, 167 MiB, 23040 MiB, 0 %
2026/10/09 00:15:52.628, 167 MiB, 23040 MiB, 0 %
2026/10/09 00:15:53.629, 167 MiB, 23040 MiB, 0 %
2026/10/09 00:15:54.629, 167 MiB, 23040 MiB, 0 %
2026/10/09 00:15:55.630, 167 MiB, 23040 MiB, 0 %
2026/10/09 00:15:56.631, 167 MiB, 23040 MiB, 0 %
2026/10/09 00:15:57.632, 167 MiB, 23040 MiB, 0 %
2026/10/09 00:15:58.632, 167 MiB, 23040 MiB, 0 %
2026/10/09 00:15:59.633, 167 MiB, 23040 MiB, 0 %
2026/10/09 00:16:00.634, 167 MiB, 23040 MiB, 0 %
2026/10/09 00:16:01.634, 167 MiB, 23040 MiB, 0 %
2026/10/09 00:16:02.635, 167 MiB, 23040 MiB, 0 %
2026/10/09 00:16:03.635, 167 MiB, 23040 MiB, 0 %
2026/10/09 00:16:04.636, 167 MiB, 23040 MiB, 0 %
2026/10/09 00:16:05.637, 167 MiB, 23040 MiB, 0 %
2026/10/09 00:16:06.637, 167 MiB, 23040 MiB, 0 %
2026/10/09 00:16:07.638, 167 MiB, 23040 MiB, 0 %
2026/10/09 00:16:08.639, 167 MiB, 23040 MiB, 0 %
2026/10/09 00:16:09.639, 167 MiB, 23040 MiB, 0 %
2026/10/09 00:16:10.640, 167 MiB, 23040 MiB, 0 %
2026/10/09 00:16:11.641, 167 MiB, 23040 MiB, 0 %
2026/10/09 00:16:12.642, 167 MiB, 23040 MiB, 0 %
2026/10/09 00:16:13.643, 167 MiB, 23040 MiB, 0 %
2026/10/09 00:16:14.643, 167 MiB, 23040 MiB, 0 %
2026/10/09 00:16:15.644, 171 MiB, 23040 MiB, 0 %
2026/10/09 00:16:16.645, 741 MiB, 23040 MiB, 10 %
2026/10/09 00:16:17.645, 821 MiB, 23040 MiB, 0 %
2026/10/09 00:16:18.646, 1845 MiB, 23040 MiB, 5 %
2026/10/09 00:16:19.647, 2869 MiB, 23040 MiB, 5 %
2026/10/09 00:16:20.648, 2869 MiB, 23040 MiB, 5 %
2026/10/09 00:16:21.649, 3893 MiB, 23040 MiB, 5 %
2026/10/09 00:16:22.650, 3893 MiB, 23040 MiB, 5 %
2026/10/09 00:16:23.651, 4917 MiB, 23040 MiB, 3 %
2026/10/09 00:16:24.651, 4917 MiB, 23040 MiB, 5 %
2026/10/09 00:16:25.652, 5941 MiB, 23040 MiB, 5 %
2026/10/09 00:16:26.653, 6965 MiB, 23040 MiB, 4 %
2026/10/09 00:16:27.654, 6965 MiB, 23040 MiB, 5 %
2026/10/09 00:16:28.654, 7989 MiB, 23040 MiB, 5 %
2026/10/09 00:16:29.655, 7989 MiB, 23040 MiB, 4 %
2026/10/09 00:16:30.656, 9013 MiB, 23040 MiB, 5 %
2026/10/09 00:16:31.657, 9013 MiB, 23040 MiB, 5 %
2026/10/09 00:16:32.658, 10037 MiB, 23040 MiB, 4 %
2026/10/09 00:16:33.659, 10037 MiB, 23040 MiB, 5 %
2026/10/09 00:16:34.659, 11061 MiB, 23040 MiB, 5 %
2026/10/09 00:16:35.660, 11061 MiB, 23040 MiB, 5 %
2026/10/09 00:16:36.661, 12085 MiB, 23040 MiB, 5 %
2026/10/09 00:16:37.662, 12085 MiB, 23040 MiB, 5 %
2026/10/09 00:16:38.663, 13109 MiB, 23040 MiB, 4 %
2026/10/09 00:16:39.664, 13109 MiB, 23040 MiB, 3 %
2026/10/09 00:16:40.664, 14133 MiB, 23040 MiB, 6 %
2026/10/09 00:16:41.665, 14133 MiB, 23040 MiB, 7 %
2026/10/09 00:16:42.666, 14133 MiB, 23040 MiB, 0 %
2026/10/09 00:16:43.667, 15157 MiB, 23040 MiB, 0 %
2026/10/09 00:16:44.667, 15157 MiB, 23040 MiB, 15 %
2026/10/09 00:16:45.668, 16181 MiB, 23040 MiB, 0 %
2026/10/09 00:16:46.669, 16181 MiB, 23040 MiB, 0 %
2026/10/09 00:16:47.670, 17205 MiB, 23040 MiB, 5 %
2026/10/09 00:16:48.671, 17205 MiB, 23040 MiB, 8 %
2026/10/09 00:16:49.671, 17205 MiB, 23040 MiB, 0 %
2026/10/09 00:16:50.672, 18229 MiB, 23040 MiB, 0 %
2026/10/09 00:16:51.673, 18229 MiB, 23040 MiB, 15 %
2026/10/09 00:16:52.674, 19253 MiB, 23040 MiB, 3 %
2026/10/09 00:16:53.675, 19253 MiB, 23040 MiB, 0 %
2026/10/09 00:16:54.676, 19253 MiB, 23040 MiB, 0 %
2026/10/09 00:16:55.676, 20277 MiB, 23040 MiB, 6 %
2026/10/09 00:16:56.677, 20277 MiB, 23040 MiB, 7 %
2026/10/09 00:16:57.678, 21301 MiB, 23040 MiB, 0 %
2026/10/09 00:16:58.679, 21301 MiB, 23040 MiB, 0 %
2026/10/09 00:16:59.680, 22325 MiB, 23040 MiB, 13 %
2026/10/09 00:17:00.680, 22325 MiB, 23040 MiB, 7 %
2026/10/09 00:17:01.681, 22325 MiB, 23040 MiB, 0 %
2026/10/09 00:17:02.682, 22677 MiB, 23040 MiB, 0 %
2026/10/09 00:17:03.683, 22677 MiB, 23040 MiB, 0 %
2026/10/09 00:17:04.684, 22677 MiB, 23040 MiB, 0 %
2026/10/09 00:17:05.684, 0 MiB, 23040 MiB, 0 %
2026/10/09 00:17:06.685, 0 MiB, 23040 MiB, 0 %
2026/10/09 00:17:07.686, 0 MiB, 23040 MiB, 0 %
2026/10/09 00:17:08.687, 0 MiB, 23040 MiB, 0 %
2026/10/09 00:17:09.688, 0 MiB, 23040 MiB, 0 %
2026/10/09 00:17:10.688, 0 MiB, 23040 MiB, 0 %
2026/10/09 00:17:11.689, 0 MiB, 23040 MiB, 0 %
2026/10/09 00:17:12.690, 0 MiB, 23040 MiB, 0 %
2026/10/09 00:17:13.690, 0 MiB, 23040 MiB, 0 %
2026/10/09 00:17:14.691, 0 MiB, 23040 MiB, 0 %
2026/10/09 00:17:15.691, 0 MiB, 23040 MiB, 0 %
2026/10/09 00:17:16.692, 0 MiB, 23040 MiB, 0 %
2026/10/09 00:17:17.692, 0 MiB, 23040 MiB, 0 %
2026/10/09 00:17:18.693, 0 MiB, 23040 MiB, 0 %
2026/10/09 00:17:19.694, 0 MiB, 23040 MiB, 0 %
2026/10/09 00:17:20.694, 0 MiB, 23040 MiB, 0 %
2026/10/09 00:17:21.695, 0 MiB, 23040 MiB, 0 %
2026/10/09 00:17:22.695, 0 MiB, 23040 MiB, 0 %
2026/10/09 00:17:23.696, 0 MiB, 23040 MiB, 0 %
2026/10/09 00:17:24.696, 0 MiB, 23040 MiB, 0 %
2026/10/09 00:17:25.697, 0 MiB, 23040 MiB, 0 %
2026/10/09 00:17:26.697, 0 MiB, 23040 MiB, 0 %
2026/10/09 00:17:27.698, 0 MiB, 23040 MiB, 0 %
2026/10/09 00:17:28.699, 0 MiB, 23040 MiB, 0 %
2026/10/09 00:17:29.699, 0 MiB, 23040 MiB, 0 %
2026/10/09 00:17:30.700, 0 MiB, 23040 MiB, 0 %
2026/10/09 00:17:31.700, 0 MiB, 23040 MiB, 0 %
2026/10/09 00:17:32.701, 0 MiB, 23040 MiB, 0 %
2026/10/09 00:17:33.701, 0 MiB, 23040 MiB, 0 %
2026/10/09 00:17:34.702, 0 MiB, 23040 MiB, 0 %
2026/10/09 00:17:35.703, 0 MiB, 23040 MiB, 0 %
2026/10/09 00:17:36.703, 0 MiB, 23040 MiB, 0 %
2026/10/09 00:17:37.704, 0 MiB, 23040 MiB, 0 %
2026/10/09 00:17:38.705, 0 MiB, 23040 MiB, 0 %
2026/10/09 00:17:39.705, 0 MiB, 23040 MiB, 0 %
2026/10/09 00:17:40.706, 171 MiB, 23040 MiB, 0 %
2026/10/09 00:17:41.707, 821 MiB, 23040 MiB, 0 %
2026/10/09 00:17:42.708, 1845 MiB, 23040 MiB, 13 %
2026/10/09 00:17:43.708, 1845 MiB, 23040 MiB, 0 %
2026/10/09 00:17:44.709, 2869 MiB, 23040 MiB, 0 %
2026/10/09 00:17:45.710, 2869 MiB, 23040 MiB, 5 %
2026/10/09 00:17:46.711, 3893 MiB, 23040 MiB, 15 %
2026/10/09 00:17:47.711, 3893 MiB, 23040 MiB, 0 %
2026/10/09 00:17:48.713, 3893 MiB, 23040 MiB, 0 %
2026/10/09 00:17:49.714, 4917 MiB, 23040 MiB, 0 %
2026/10/09 00:17:50.715, 4917 MiB, 23040 MiB, 8 %
2026/10/09 00:17:51.716, 5941 MiB, 23040 MiB, 11 %
2026/10/09 00:17:52.717, 5941 MiB, 23040 MiB, 1 %
2026/10/09 00:17:53.717, 5941 MiB, 23040 MiB, 0 %
2026/10/09 00:17:54.718, 6965 MiB, 23040 MiB, 0 %
2026/10/09 00:17:55.719, 6965 MiB, 23040 MiB, 15 %
2026/10/09 00:17:56.720, 7989 MiB, 23040 MiB, 2 %
2026/10/09 00:17:57.721, 7989 MiB, 23040 MiB, 0 %
2026/10/09 00:17:58.721, 9013 MiB, 23040 MiB, 0 %
2026/10/09 00:17:59.722, 9013 MiB, 23040 MiB, 10 %
2026/10/09 00:18:00.723, 9013 MiB, 23040 MiB, 3 %
2026/10/09 00:18:01.724, 10037 MiB, 23040 MiB, 0 %
2026/10/09 00:18:02.725, 10037 MiB, 23040 MiB, 0 %
2026/10/09 00:18:03.725, 11061 MiB, 23040 MiB, 10 %
2026/10/09 00:18:04.726, 11061 MiB, 23040 MiB, 9 %
2026/10/09 00:18:05.727, 12085 MiB, 23040 MiB, 0 %
2026/10/09 00:18:06.728, 12085 MiB, 23040 MiB, 0 %
2026/10/09 00:18:07.728, 13109 MiB, 23040 MiB, 14 %
2026/10/09 00:18:08.729, 13109 MiB, 23040 MiB, 0 %
2026/10/09 00:18:09.730, 13109 MiB, 23040 MiB, 0 %
2026/10/09 00:18:10.731, 14133 MiB, 23040 MiB, 0 %
2026/10/09 00:18:11.732, 14133 MiB, 23040 MiB, 15 %
2026/10/09 00:18:12.733, 15157 MiB, 23040 MiB, 0 %
2026/10/09 00:18:13.733, 15157 MiB, 23040 MiB, 0 %
2026/10/09 00:18:14.734, 16181 MiB, 23040 MiB, 0 %
2026/10/09 00:18:15.735, 16181 MiB, 23040 MiB, 13 %
2026/10/09 00:18:16.736, 16181 MiB, 23040 MiB, 7 %
2026/10/09 00:18:17.737, 17205 MiB, 23040 MiB, 0 %
2026/10/09 00:18:18.738, 17205 MiB, 23040 MiB, 0 %
2026/10/09 00:18:19.738, 18229 MiB, 23040 MiB, 15 %
2026/10/09 00:18:20.739, 18229 MiB, 23040 MiB, 0 %
2026/10/09 00:18:21.740, 18229 MiB, 23040 MiB, 0 %
2026/10/09 00:18:22.741, 19253 MiB, 23040 MiB, 1 %
2026/10/09 00:18:23.741, 19253 MiB, 23040 MiB, 12 %
2026/10/09 00:18:24.742, 20277 MiB, 23040 MiB, 0 %
2026/10/09 00:18:25.743, 21301 MiB, 23040 MiB, 0 %
2026/10/09 00:18:26.744, 21301 MiB, 23040 MiB, 11 %
2026/10/09 00:18:27.745, 21301 MiB, 23040 MiB, 2 %
2026/10/09 00:18:28.745, 22325 MiB, 23040 MiB, 0 %
2026/10/09 00:18:29.746, 22325 MiB, 23040 MiB, 0 %
2026/10/09 00:18:30.747, 22677 MiB, 23040 MiB, 0 %
2026/10/09 00:18:31.748, 22677 MiB, 23040 MiB, 0 %
